{
    "CYHM": "HAMILTON/JOHN C. MUNRO INTERNATIONAL AIRPORT - HAMILTON, ONTARIO - CANADÁ",
    "CYHZ": "HALIFAX STANFIELD INTERNATIONAL AIRPORT - HALIFAX REGIONAL MUNICIPALITY, NOVA SCOTIA - CANADÁ",
    "CYMX": "MONTRÉAL-MIRABEL INTERNATIONAL AIRPORT - MONTREAL, QUEBEC - CANADÁ",
    "CYUL": "MONTRÉAL-PIERRE ELLIOTT TRUDEAU INTERNATIONAL AIRPORT - MONTREAL, QUEBEC - CANADÁ",
    "CYVR": "VANCOUVER INTERNATIONAL AIRPORT - VANCOUVER, BRITISH COLUMBIA - CANADÁ",
    "CYYT": "ST. JOHN´S INTERNATIONAL AIRPORT - ST. JOHN´S - CANADÁ",
    "CYYZ": "TORONTO PEARSON INTERNATIONAL AIRPORT - TORONTO - CANADÁ",
    "DAAG": "HOUARI BOUMEDIENNE AIRPORT - ALGIERS - ARGÉLIA",
    "DAUG": "NOUMERATE AIRPORT - GHARDAIA - ARGÉLIA",
    "DGAA": "KOTOKA INTERNATIONAL AIRPORT - ACCRA - GANA",
    "DIAP": "PORT BOUET AIRPORT (FELIX HOUPHOUET BOIGNY INTERNATIONAL AIRPORT) - ABIDJAN - COSTA DO MARFIM",
    "DNKN": "MALLAM AMINU KANO INTERNATIONAL AIRPORT - KANO,  KANO STATE - NIGÉRIA",
    "DNMM": "MURTALA MOHAMMED INTERNATIONAL AIRPORT - IKEJA,  LAGOS STATE - NIGÉRIA",
    "DXXX": "LOMÉ-TOKOIN AIRPORT - LOMÉ - TOGO",
    "EBBR": "BRUSSELS AIRPORT - BRUSSELS/ZAVENTEM - BÉLGICA",
    "EBLG": "LIEGE AIRPORT - LIÈGE - BÉLGICA",
    "EDDF": "FRANKFURT INTERNATIONAL AIRPORT - FRANKFURT AM MAIN - ALEMANHA",
    "EDDM": "MUNICH INTERNATIONAL AIRPORT (FRANZ JOSEF STRAUß INTERNATIONAL AIRPORT) - MUNICH - ALEMANHA",
    "EDHI": "HAMBURG FINKENWERDER AIRPORT - HAMBURG - ALEMANHA",
    "EGKK": "LONDON GATWICK AIRPORT - LONDON, ENGLAND - REINO UNIDO",
    "EGLL": "LONDON HEATHROW AIRPORT - LONDON, ENGLAND - REINO UNIDO",
    "EGNX": "EAST MIDLANDS AIRPORT - EAST MIDLANDS, ENGLAND - REINO UNIDO",
    "EGPK": "GLASGOW PRESTWICK INTERNATIONAL AIRPORT - GLASGOW, SCOTLAND - REINO UNIDO",
    "EGSS": "LONDON STANSTED AIRPORT - LONDON, ENGLAND - REINO UNIDO",
    "EHAM": "AMSTERDAM AIRPORT SCHIPHOL - HAARLEMMERMEER, NEAR AMSTERDAM - HOLANDA",
    "EHBK": "MAASTRICHT AACHEN AIRPORT - BEEK - HOLANDA",
    "EINN": "SHANNON AIRPORT - SHANNON, COUNTY CLARE - IRLANDA",
    "ELLX": "LUXEMBOURG FINDEL AIRPORT - LUXEMBOURG CITY - LUXEMBURGO",
    "EPWA": "WARSAW FREDERIC CHOPIN AIRPORT (OKECIE INTERNATIONAL AIRPORT) - WARSAW - POLÔNIA",
    "FACT": "CAPE TOWN INTERNATIONAL AIRPORT - CAPE TOWN - ÁFRICA DO SUL",
    "FAOR": "OR TAMBO INTERNATIONAL AIRPORT - JOHANNESBURG - ÁFRICA DO SUL",
    "FNLU": "QUATRO DE FEVEREIRO AIRPORT - LUANDA - ANGOLA",
    "FTTJ": "N´DJAMENA INTERNATIONAL AIRPORT - N´DJAMENA - CHADE",
    "FZAA": "N´DJILI INTERNATIONAL AIRPORT - KINSHASA - REPÚBLICA DEMOCRÁTICA DO CONGO",
    "GBYD": "BANJUL INTERNATIONAL AIRPORT (YUNDUM INT´L) - BANJUL - GÂMBIA",
    "GCLP": "GRAN CANARIA AIRPORT - LAS PALMAS - ILHAS CANÁRIAS",
    "GCRR": "LANZAROTE AIRPORT - LANZAROTE/ILHASCANARIAS - ESPANHA",
    "GCTS": "TENERIFE SOUTH AIRPORT - TENERIFE - ESPANHA",
    "GFLL": "LUNGI INTERNATIONAL AIRPORT - FREETOWN - SERRA LEOA",
    "GLRB": "MONROVIA  - MONROVIA - LIBÉRIA",
    "GMME": "RABAT  - RABAT - MARROCOS",
    "GMMN": "AEROPORTO INTERNACIONAL MOHAMMED V - CASABLANCA - MARROCOS",
    "GOBD": "BLAISE DIAGNE INTERNATIONAL AIRPORT - DAKAR - SENEGAL",
    "GQNN": "NOUAKCHOTT INTERNATIONAL AIRPORT - NOUAKCHOTT - MAURITÂNIA",
    "GQNO": "Aeroporto Internacional Nouakchott-Oumtounsy - NOUAKCHOTT, MAURITÂNIA - MAURITÂNIA",
    "GVAC": "AEROPORTO INTERNACIONAL AMÍLCAR CABRAL - ILHA DO SAL - CABO VERDE",
    "GVBA": "RABIL AIRPORT - BOA VISTA, RABIL - CABO VERDE",
    "HAAB": "BOLE INTERNATIONAL AIRPORT - ADDIS ABABA - ETIÓPIA",
    "HECA": "CAIRO INTERNATIONAL AIRPORT - CAIRO - EGITO",
    "HKJK": "JOMO KENYATTA INTERNATIONAL AIRPORT (FORMERLY NAIROBI INTERNATIONAL AIRPORT) - NAIROBI - QUÊNIA",
    "HKMO": "MOI INTERNATIONAL AIRPORT - MOMBASA - QUÊNIA",
    "HUEN": "ENTEBBE INTERNATIONAL AIRPORT - ENTEBBE (NEAR KAMPALA) - UGANDA",
    "KAEX": "ALEXANDRIA INTERNATIONAL AIRPORT - ALEXANDRIA, LOUISIANA -   - ESTADOS UNIDOS DA AMÉRICA",
    "KAFW": "FORT WORTH ALLIANCE AIRPORT - FORT WORTH, TEXAS - ESTADOS UNIDOS DA AMÉRICA",
    "KATL": "HARTSFIELD JACKSON ATLANTA INTERNATIONAL AIRPORT - ATLANTA - ESTADOS UNIDOS DA AMÉRICA",
    "KBFI": "BOEING FIELD/KING COUNTY INTERNATIONAL AIRPORT - SEATTLE, WASHINGTON - ESTADOS UNIDOS DA AMÉRICA",
    "KBFM": "MOBILE DOWNTOWN AIRPORT - MOBILE, ALABAMA - ESTADOS UNIDOS DA AMÉRICA",
    "KBOS": "LOGAN INTERNATIONAL AIRPORT - BOSTON, MASSACHUSETTS - ESTADOS UNIDOS DA AMÉRICA",
    "KBRO": "BROWNSVILLE/SOUTH PADRE ISLAND INTERNATIONAL AIRPORT - BROWNSVILLE, TEXAS - ESTADOS UNIDOS DA AMÉRICA",
    "KCLT": "CHARLOTTE/DOUGLAS INTERNATIONAL AIRPORT - CHARLOTTE, NORTH CAROLINA - ESTADOS UNIDOS DA AMÉRICA",
    "KCVG": "CINCINNATI/NORTHERN KENTUCKY INTERNATIONAL AIRPORT - HEBRON, KENTUCKY - ESTADOS UNIDOS DA AMÉRICA",
    "KDFW": "DALLAS-FORT WORTH INTERNATIONAL AIRPORT - DALLAS & FORT WORTH, TEXAS - ESTADOS UNIDOS DA AMÉRICA",
    "KDHN": "DOTHAN REGIONAL AIRPORT - DOTHAN, ALABAMA - ESTADOS UNIDOS DA AMÉRICA",
    "KDOV": "DOVER AIR FORCE BASE - DOVER, DELAWARE - ESTADOS UNIDOS DA AMÉRICA",
    "KEWR": "NEWARK LIBERTY INTERNATIONAL AIRPORT - NEWARK & ELIZABETH, NEW JERSEY - ESTADOS UNIDOS DA AMÉRICA",
    "KFLL": "FORT LAUDERDALE-HOLLYWOOD INTERNATIONAL AIRPORT - FORT LAUDERDALE/HOLLYWOOD, FLORIDA - ESTADOS UNIDOS DA AMÉRICA",
    "KGRB": "AUSTIN STRAUBEL INTERNATIONAL AIRPORT - GREEN BAY, WISCONSIN - ESTADOS UNIDOS DA AMÉRICA",
    "KGWO": "GREENWOOD-LEFLORE AIRPORT - GREENWOOD, MISSISSIPPI - ESTADOS UNIDOS DA AMÉRICA",
    "KHSV": "HUNTSVILLE INTERNATIONAL AIRPORT (CARL T. JONES FIELD) - HUNTSVILLE, ALABAMA - ESTADOS UNIDOS DA AMÉRICA",
    "KIAD": "WASHINGTON DULLES INTERNATIONAL AIRPORT - WASHINGTON, DC - ESTADOS UNIDOS DA AMÉRICA",
    "KIAH": "GEORGE BUSH INTERCONTINENTAL AIRPORT - HOUSTON, TEXAS - ESTADOS UNIDOS DA AMÉRICA",
    "KJFK": "JOHN F. KENNEDY INTERNATIONAL AIRPORT - NEW YORK, NEW YORK - ESTADOS UNIDOS DA AMÉRICA",
    "KLAS": "MCCARRAN INTERNATIONAL AIRPORT - LAS VEGAS, NEVADA - ESTADOS UNIDOS DA AMÉRICA",
    "KLAX": "LOS ANGELES INTERNATIONAL AIRPORT - LOS ANGELES, CALIFORNIA - ESTADOS UNIDOS DA AMÉRICA",
    "KLRD": "LAREDO INTERNATIONAL AIRPORT - LAREDO, TEXAS - ESTADOS UNIDOS DA AMÉRICA",
    "KMCO": "ORLANDO INTERNATIONAL AIRPORT - ORLANDO, FLORIDA - ESTADOS UNIDOS DA AMÉRICA",
    "KMDT": "HARRISBURG INTERNATIONAL AIRPORT - MIDDLETOWN, PENNSYLVANIA - ESTADOS UNIDOS DA AMÉRICA",
    "KMEM": "MEMPHIS INTERNATIONAL AIRPORT - MEMPHIS, TENNESSEE - ESTADOS UNIDOS DA AMÉRICA",
    "KMIA": "MIAMI INTERNATIONAL AIRPORT - MIAMI, FLORIDA - ESTADOS UNIDOS DA AMÉRICA",
    "KMZJ": "PINAL AIRPARK - PINAL COUNTY, ARIZONA - ESTADOS UNIDOS DA AMÉRICA",
    "KNGU": "NAVAL STATION NORFOLK - NORFOLK, VIRGINIA - ESTADOS UNIDOS DA AMÉRICA",
    "KOPF": "OPA-LOCKA AIRPORT - OPA-LOCKA, FLORIDA - ESTADOS UNIDOS DA AMÉRICA",
    "KORD": "O´HARE INTERNATIONAL AIRPORT - CHICAGO, ILLINOIS - ESTADOS UNIDOS DA AMÉRICA",
    "KPAE": "SNOHOMISH COUNTY AIRPORT (PAINE FIELD) - EVERETT, WASHINGTON - ESTADOS UNIDOS DA AMÉRICA",
    "KPBI": "PALM BEACH INTERNATIONAL AIRPORT - WEST PALM BEACH, FLORIDA - ESTADOS UNIDOS DA AMÉRICA",
    "KPHL": "PHILADELPHIA INTERNATIONAL AIRPORT - PHILADELPHIA, PENNSYLVANIA - ESTADOS UNIDOS DA AMÉRICA",
    "KPHX": "PHOENIX SKY HARBOR INTERNATIONAL AIRPORT - PHOENIX, ARIZONA - ESTADOS UNIDOS DA AMÉRICA",
    "KPVD": "T.F. GREEN STATE AIRPORT - PROVIDENCE, RHODE ISLAND - ESTADOS UNIDOS DA AMÉRICA",
    "KSAT": "SAN ANTONIO INTERNATIONAL AIRPORT - SAN ANTONIO, TEXAS - ESTADOS UNIDOS DA AMÉRICA",
    "KSBD": "SAN BERNARDINO INTERNATIONAL AIRPORT - SAN BERNARDINO, CALIFORNIA - ESTADOS UNIDOS DA AMÉRICA",
    "KSFO": "SAN FRANCISCO INTERNATIONAL AIRPORT - SAN MATEO COUNTY, CALIFORNIA - ESTADOS UNIDOS DA AMÉRICA",
    "KSUU": "TRAVIS AIR FORCE BASE - FAIRFIELD, CALIFORNIA - ESTADOS UNIDOS DA AMÉRICA",
    "KTUS": "TUCSON INTERNATIONAL AIRPORT - TUCSON, ARIZONA - ESTADOS UNIDOS DA AMÉRICA",
    "LCLK": "LARNACA INTERNATIONAL AIRPORT - LARNACA - CHIPRE",
    "LEBL": "BARCELONA-EL PRAT AIRPORT - BARCELONA - ESPANHA",
    "LEGE": "GIRONA-COSTA BRAVA AIRPORT - GIRONA - ESPANHA",
    "LEMD": "ADOLFO SUÁREZ MADRID-BARAJAS AIRPORT - MADRID - ESPANHA",
    "LEPA": "PALMA DE MALLORCA AIRPORT - ISLAS BALEARES - ESPANHA",
    "LEZG": "ZARAGOZA AIRPORT - ZARAGOZA - ESPANHA",
    "LFBD": "BORDEAUX MÉRIGNAC AIRPORT - BORDEAUX - FRANÇA",
    "LFBO": "TOULOUSE - BLAGNAC AIRPORT - TOULOUSE - FRANÇA",
    "LFBT": "TARBES - LOURDES PYRENEES AIRPORT - TARBES - FRANÇA",
    "LFDB": "MONTAUBAN AIRPORT - MONTAUBAN - FRANÇA",
    "LFPG": "PARIS-CHARLES DE GAULLE AIRPORT (ROISSY AIRPORT) - PARIS - FRANÇA",
    "LFPO": "PARIS ORLY AIRPORT - ORLY (NEAR PARIS) - FRANÇA",
    "LGAV": "ATHENS INTERNATIONAL AIRPORT, \"ELEFTHERIOS VENIZELOS\" - ATHENS (ATHINA) - GRÉCIA",
    "LIBR": "CASALE AIRPORT - BRINDISI - ITÁLIA",
    "LIMC": "MALPENSA INTERNATIONAL AIRPORT - MILAN - ITÁLIA",
    "LIPO": "BRESCIA AIRPORT GABRIELE D ANNUNZIO - MONTICHIARI - ITÁLIA",
    "LIRF": "LEONARDO DA VINCI INTERNATIONAL AIRPORT (FIUMICINO INTERNATIONAL AIRPORT) - ROME - ITÁLIA",
    "LPBJ": "BEJA, ALENTEJO - BEJA, ALENTEJO - PORTUGAL",
    "LPCS": "AERÓDROMO MUNICIPAL DE CASCAIS - SÃO DOMINGOS DE RANA, CASCAIS, GREATER LISBON - PORTUGAL",
    "LPFR": "FARO / MADEIRA AND ACORES   - FARO / MADEIRA AND ACORES - PORTUGAL",
    "LPPR": "PORTO - PORTO - PORTUGAL",
    "LPPT": "LISBOA - LISBOA - PORTUGAL",
    "LSZH": "ZÜRICH AIRPORT (KLOTEN AIRPORT) - ZÜRICH/KLOTEN - SUÍÇA",
    "LTAC": "ESENBOĞA INTERNATIONAL AIRPORT - ANKARA - TURQUIA",
    "LTBA": "ATATÜRK INTERNATIONAL AIRPORT - ISTANBUL - TURQUIA",
    "LTFJ": "SABIHA GÖKÇEN INTERNATIONAL AIRPORT - ISTANBUL - TURQUIA",
    "LTFM": "ISTANBUL AIRPORT - ISTANBUL - TURQUIA",
    "LYBE": "BELGRADE NIKOLA TESLA INTERNATIONAL AIRPORT - BELGRADE - SÉRVIA",
    "MDPC": "PUNTA CANA - PUNTA CANA - REPÚBLICA DOMINICANA",
    "MDSD": "SAO DOMINGO/DE LAS AMÉRICAS - SAO DOMINGO/DE LAS AMÉRICAS - REPÚBLICA DOMINICANA",
    "MKJP": "KINGSTON/NORMAN MANLEY INTL - KINGSTON/NORMAN MANLEY INTL - JAMAICA",
    "MMCU": "GENERAL ROBERTO FIERRO VILLALOBOS INTERNATIONAL AIRPORT - CHIHUAHUA, CHIHUAHUA - MÉXICO",
    "MMCZ": "COZUMEL INTERNATIONAL AIRPORT - COZUMEL, QUINTANA ROO - MÉXICO",
    "MMMX": "BENITO JUAREZ INTL - MEXICO - MÉXICO",
    "MMMY": "MONTERREY - MONTERREY - MÉXICO",
    "MMQT": "ING. FERNANDO ESPINOZA GUTIÉRREZ INTERNATIONAL AIRPORT - QUERÉTARO, QUERÉTARO - MÉXICO",
    "MMSM": "SANTA LUCÍA AIR FORCE BASE NUM 1 - ZUMPANGO, STATE OF MEXICO - MÉXICO",
    "MMTO": "TOLUCA - TOLUCA - MÉXICO",
    "MMUN": "CANCUN/INTL  - CANCUN/INTL - MÉXICO",
    "MNMG": "MANAGUA   - MANAGUA - NICARÁGUA",
    "MPTO": "TOCUMEN INTL - PANAMA - PANAMÁ",
    "MROC": "SAN JOSE/JUAN SANTAMARIA - SAN JOSE/JUAN SANTAMARIA - COSTA RICA",
    "MTCH": "CAP-HAÏTIEN INTERNATIONAL AIRPORT - CAP-HAÏTIEN - HAITI",
    "MTPP": "AEROPORTO INTERNACIONAL TOUSSAINT LOUVERTURE - PORT-DE-PAIX - HAITI",
    "MUHA": "HAVANA - HAVANA - CUBA",
    "OEDF": "KING FAHD INTERNATIONAL AIRPORT - DAMMAM - ARÁBIA SAUDITA",
    "OERK": "RIAD/KING KHALED INTL - RIAD/KING KHALED INTL - ARÁBIA SAUDITA",
    "OKBK": "KUWAIT INTERNATIONAL AIRPORT - AL-MAQWA, NEAR KUWAIT CITY - KUWAIT",
    "OLBA": "BEIRUT  - BEIRUTE - LÍBANO",
    "OMAA": "AB DHABI INTERNATIONAL - AB DHABI INTERNATIONAL - EMIRADOS ÁRABES UNIDOS",
    "OMDB": "DUBAI - DUBAI INTERNATIONAL - EMIRADOS ÁRABES UNIDOS",
    "OMDW": "AL MAKTOUM INTERNATIONAL AIRPORT - JEBEL ALI - EMIRADOS ÁRABES UNIDOS",
    "OMFJ": "FUJAIRAH INTERNATIONAL AIRPORT - FUJAIRAH - EMIRADOS ÁRABES UNIDOS",
    "OMSJ": "SHARJAH INTERNATIONAL AIRPORT - SHARJAH - EMIRADOS ÁRABES UNIDOS",
    "OOMS": "MUSCAT INTERNATIONAL AIRPORT - MUSCAT - OMÃ",
    "OPST": "SIALKOT INTERNATIONAL AIRPORT - SIALKOT -   - PAQUISTÃO",
    "OTBD": "DOHA INTERNATIONAL AIRPORT - DOHA - QATAR",
    "OTHH": "HAMAD INTERNATIONAL AIRPORT - DOHA - QATAR",
    "PANC": "TED STEVENS ANCHORAGE INTERNATIONAL AIRPORT - ANCHORAGE, ALASKA - ESTADOS UNIDOS DA AMÉRICA",
    "RJAA": "NARITA INTERNATIONAL AIRPORT - NARITA, CHIBA - JAPÃO",
    "RJGG": "CHŪBU CENTRAIR INTERNATIONAL AIRPORT (CENTRAIR) - TOKONAME, AICHI - JAPÃO",
    "RKSI": "INCHEON INTERNATIONAL AIRPORT - INCHEON (NEAR SEOUL) - COREIA DO SUL",
    "SAAR": "ROSARIO - ISLAS MALVINAS INTERNATIONAL AIRPORT - ROSARIO, SANTA FE PROVINCE - ARGENTINA",
    "SABE": "JORGE NEWBERY AIRPORT - BUENOS AIRES - ARGENTINA",
    "SACO": "INGENIERO AMBROSIO L.V. TARAVELLA INTERNATIONAL AIRPORT - CÓRDOBA, CÓRDOBA PROVINCE - ARGENTINA",
    "SAEZ": "MINISTRO PISTARINI INTERNATIONAL AIRPORT (EZEIZA INTERNATIONAL AIRPORT) - EZEIZA, BUENOS AIRES PROVINCE - ARGENTINA",
    "SAME": "GOVERNOR FRANCISCO GABRIELLI INTERNATIONAL AIRPORT (EL PLUMERILLO INT´L) - MENDOZA, MENDOZA PROVINCE - ARGENTINA",
    "SANR": "TERMAS DE RÍO HONDO AIRPORT - TERMAS DE RÍO HONDO - ARGENTINA",
    "SANT": "TTE. GRAL. BENJAMÍN MATIENZO INTERNATIONAL AIRPORT - TUCUMÁN, TUCUMÁN PROVINCE - ARGENTINA",
    "SARI": "CATARATAS DEL IGUAZÚ INTERNATIONAL AIRPORT (IGUAZÚ FALLS) - PUERTO IGUAZÚ, MISIONES PROVINCE - ARGENTINA",
    "SARP": "LIBERTADOR GENERAL JOSÉ DE SAN MARTÍN AIRPORT - POSADAS, MISIONES PROVINCE - ARGENTINA",
    "SASA": "MARTÍN MIGUEL DE GÜEMES INTERNATIONAL AIRPORT (EL AYBAL AIRPORT) - SALTA, SALTA PROVINCE - ARGENTINA",
    "SAZS": "SAN CARLOS DE BARILOCHE AIRPORT - SAN CARLOS DE BARILOCHE, RÍO NEGRO PROVINCE - ARGENTINA",
    "SBAC": "AEROPORTO DE ARACATI - ARACATI - CE - BRASIL",
    "SBAE": "AEROPORTO ESTADUAL DE BAURU-AREALVA / MOUSSA NAKHL TOBIAS - AREALVA - SP - BRASIL",
    "SBAQ": "BARTOLOMEU DE GUSMÃO - ARARAQUARA - SP - BRASIL",
    "SBAR": "SANTA MARIA - ARACAJU - SE - BRASIL",
    "SBAT": "PILOTO OSVALDO MARQUES DIAS - ALTA FLORESTA - MT - BRASIL",
    "SBAU": "ESTADUAL DARIO GUARITA - ARAÇATUBA - SP - BRASIL",
    "SBAX": "ROMEU ZEMA - ARAXÁ - MG - BRASIL",
    "SBBE": "INTERNACIONAL DE BELÉM/VAL DE CANS/JÚLIO CEZAR RIBEIRO - BELÉM - PA - BRASIL",
    "SBBG": "COMANDANTE GUSTAVO KRAEMER - BAGÉ - RS - BRASIL",
    "SBBH": "PAMPULHA - CARLOS DRUMMOND DE ANDRADE - BELO HORIZONTE - MG - BRASIL",
    "SBBP": "ESTADUAL ARTHUR SIQUEIRA - BRAGANÇA PAULISTA - SP - BRASIL",
    "SBBR": "PRESIDENTE JUSCELINO KUBITSCHEK - BRASÍLIA - DF - BRASIL",
    "SBBU": "BAURU - BAURU - SP - BRASIL",
    "SBBV": "ATLAS BRASIL CANTANHEDE - BOA VISTA - RR - BRASIL",
    "SBBW": "BARRA DO GARÇAS - BARRA DO GARÇAS - MT - BRASIL",
    "SBCA": "ADALBERTO MENDES DA SILVA - CASCAVEL - PR - BRASIL",
    "SBCB": "CABO FRIO - CABO FRIO - RJ - BRASIL",
    "SBCF": "TANCREDO NEVES - CONFINS - MG - BRASIL",
    "SBCG": "CAMPO GRANDE - CAMPO GRANDE - MS - BRASIL",
    "SBCH": "SERAFIN ENOSS BERTASO - CHAPECÓ - SC - BRASIL",
    "SBCJ": "CARAJÁS - PARAUAPEBAS - PA - BRASIL",
    "SBCN": "NELSON RODRIGUES GUIMARÃES - CALDAS NOVAS - GO - BRASIL",
    "SBCO": "CANOAS - CANOAS - RS - BRASIL",
    "SBCP": "BARTOLOMEU LISANDRO - CAMPOS DOS GOYTACAZES - RJ - BRASIL",
    "SBCR": "CORUMBÁ - CORUMBÁ - MS - BRASIL",
    "SBCT": "AFONSO PENA - SÃO JOSÉ DOS PINHAIS - PR - BRASIL",
    "SBCX": "REGIONAL HUGO CANTERGIANI - CAXIAS DO SUL - RS - BRASIL",
    "SBCY": "MARECHAL RONDON - VÁRZEA GRANDE - MT - BRASIL",
    "SBCZ": "CRUZEIRO DO SUL - CRUZEIRO DO SUL - AC - BRASIL",
    "SBDB": "BONITO - BONITO - MS - BRASIL",
    "SBDN": "PRESIDENTE PRUDENTE - PRESIDENTE PRUDENTE - SP - BRASIL",
    "SBEG": "EDUARDO GOMES - MANAUS - AM - BRASIL",
    "SBEK": "JACAREACANGA - JACAREACANGA - PA - BRASIL",
    "SBFI": "CATARATAS - FOZ DO IGUAÇU - PR - BRASIL",
    "SBFL": "HERCÍLIO LUZ - FLORIANÓPOLIS - SC - BRASIL",
    "SBFN": "FERNANDO DE NORONHA - FERNANDO DE NORONHA - PE - BRASIL",
    "SBFZ": "PINTO MARTINS - FORTALEZA - CE - BRASIL",
    "SBGL": "AEROPORTO INTERNACIONAL DO RIO DE JANEIRO (GALEÃO) - ANTONIO CARLOS JOBIM - RIO DE JANEIRO - RJ - BRASIL",
    "SBGO": "SANTA GENOVEVA/GOIÂNIA - GOIÂNIA - GO - BRASIL",
    "SBGR": "GUARULHOS - GOVERNADOR ANDRÉ FRANCO MONTORO - GUARULHOS - SP - BRASIL",
    "SBGV": "CORONEL ALTINO MACHADO - GOVERNADOR VALADARES - MG - BRASIL",
    "SBHT": "ALTAMIRA - ALTAMIRA - PA - BRASIL",
    "SBIH": "ITAITUBA - ITAITUBA - PA - BRASIL",
    "SBIL": "BAHIA - JORGE AMADO - ILHÉUS - BA - BRASIL",
    "SBIP": "USIMINAS - SANTANA DO PARAÍSO - MG - BRASIL",
    "SBIZ": "PREFEITO RENATO MOREIRA - IMPERATRIZ - MA - BRASIL",
    "SBJA": "REGIONAL SUL - JAGUARUNA - SC - BRASIL",
    "SBJD": "AEROPORTO ESTADUAL DE JUNDIAÍ - JUNDIAÍ - SP - BRASIL",
    "SBJE": "JERICOACORA - CRUZ - CE - BRASIL",
    "SBJI": "JI-PARANÁ - JI-PARANÁ - RO - BRASIL",
    "SBJP": "PRESIDENTE CASTRO PINTO - SANTA RITA - PB - BRASIL",
    "SBJR": "JACAREPAGUÁ - RIO DE JANEIRO - RJ - BRASIL",
    "SBJU": "ORLANDO BEZERRA DE MENEZES - JUAZEIRO DO NORTE - CE - BRASIL",
    "SBJV": "LAURO CARNEIRO DE LOYOLA - JOINVILLE - SC - BRASIL",
    "SBKG": "PRESIDENTE JOÃO SUASSUNA - CAMPINA GRANDE - PB - BRASIL",
    "SBKP": "VIRACOPOS - CAMPINAS - SP - BRASIL",
    "SBLE": "HORÁCIO DE MATTOS - LENÇÓIS - BA - BRASIL",
    "SBLO": "GOVERNADOR JOSÉ RICHA - LONDRINA - PR - BRASIL",
    "SBMA": "JOÃO CORREA DA ROCHA - MARABÁ - PA - BRASIL",
    "SBMD": "MONTE DOURADO - ALMEIRIM - PA - BRASIL",
    "SBMG": "SÍLVIO NAME JÚNIOR - MARINGÁ - PR - BRASIL",
    "SBMI": "MARICÁ - MARICÁ - RJ - BRASIL",
    "SBMK": "MÁRIO RIBEIRO - MONTES CLAROS - MG - BRASIL",
    "SBML": "FRANK MILOYE MILENKOVICH - MARÍLIA - SP - BRASIL",
    "SBMN": "PONTA PELADA  - MANAUS - AM - BRASIL",
    "SBMO": "ZUMBI DOS PALMARES - RIO LARGO - AL - BRASIL",
    "SBMQ": "ALBERTO ALCOLUMBRE - MACAPÁ - AP - BRASIL",
    "SBMS": "DIX-SEPT ROSADO - MOSSORÓ - RN - BRASIL",
    "SBMT": "CAMPO DE MARTE - SÃO PAULO - SP - BRASIL",
    "SBMY": "MANICORÉ - MANICORÉ - AM - BRASIL",
    "SBNF": "MINISTRO VICTOR KONDER - NAVEGANTES - SC - BRASIL",
    "SBNM": "SANTO ÂNGELO - SANTO ÂNGELO - RS - BRASIL",
    "SBNT": "AUGUSTO SEVERO - PARNAMIRIM - RN - BRASIL",
    "SBOI": "OIAPOQUE - OIAPOQUE - AP - BRASIL",
    "SBPA": "SALGADO FILHO - PORTO ALEGRE - RS - BRASIL",
    "SBPB": "AEROPORTO INTERNACIONAL DE PARNAÍBA / PREFEITO DOUTOR JOÃO SILVA FILHO - PARNAÍBA - PI - BRASIL",
    "SBPF": "LAURO KURTZ - PASSO FUNDO - RS - BRASIL",
    "SBPG": "COMANDANTE ANTONIO AMILTON BERALDO - PONTA GROSSA - PR - BRASIL",
    "SBPJ": "BRIGADEIRO LYSIAS RODRIGUES - PALMAS - TO - BRASIL",
    "SBPK": "PELOTAS - PELOTAS - RS - BRASIL",
    "SBPL": "SENADOR NILO COELHO - PETROLINA - PE - BRASIL",
    "SBPO": "JUVENAL LOUREIRO CARDOSO - PATO BRANCO - PR - BRASIL",
    "SBPP": "PONTA PORÃ - PONTA PORÃ - MS - BRASIL",
    "SBPS": "PORTO SEGURO - PORTO SEGURO - BA - BRASIL",
    "SBPV": "GOVERNADOR JORGE TEIXEIRA DE OLIVEIRA - PORTO VELHO - RO - BRASIL",
    "SBRB": "PLÁCIDO DE CASTRO - RIO BRANCO - AC - BRASIL",
    "SBRD": "RONDONÓPOLIS - RONDONÓPOLIS - MT - BRASIL",
    "SBRF": "GUARARAPES - GILBERTO FREYRE - RECIFE - PE - BRASIL",
    "SBRJ": "SANTOS DUMONT - RIO DE JANEIRO - RJ - BRASIL",
    "SBRP": "LEITE LOPES - RIBEIRÃO PRETO - SP - BRASIL",
    "SBSG": "GOVERNADOR ALUIZIO ALVES - SÃO GONÇALO DO AMARANTE - RN - BRASIL",
    "SBSI": "PRESIDENTE JOÃO BATISTA FIGUEIREDO - SINOP - MT - BRASIL",
    "SBSJ": "PROFESSOR URBANO ERNESTO STUMPF - SÃO JOSÉ DOS CAMPOS - SP - BRASIL",
    "SBSL": "MARECHAL CUNHA MACHADO - SÃO LUÍS - MA - BRASIL",
    "SBSM": "SANTA MARIA - SANTA MARIA - RS - BRASIL",
    "SBSN": "MAESTRO WILSON FONSECA - SANTARÉM - PA - BRASIL",
    "SBSO": "REGIONAL DE SORRISO ADOLINO BEDIN - SORRISO - MT - BRASIL",
    "SBSP": "CONGONHAS - SÃO PAULO - SP - BRASIL",
    "SBSR": "PROFESSOR ERIBERTO MANOEL REINO - SÃO JOSÉ DO RIO PRETO - SP - BRASIL",
    "SBSV": "DEPUTADO LUÍS EDUARDO MAGALHÃES - SALVADOR - BA - BRASIL",
    "SBTB": "TROMBETAS - ORIXIMINÁ - PA - BRASIL",
    "SBTC": "HOTEL TRANSAMÉRICA(AERODROMO PRIVADO) - UNA - BA - BRASIL",
    "SBTE": "SENADOR PETRÔNIO PORTELLA - TERESINA - PI - BRASIL",
    "SBTF": "TEFÉ - TEFÉ - AM - BRASIL",
    "SBTG": "TRÊS LAGOAS - TRÊS LAGOAS - MS - BRASIL",
    "SBTT": "TABATINGA - TABATINGA - AM - BRASIL",
    "SBTU": "TUCURUÍ - TUCURUÍ - PA - BRASIL",
    "SBUA": "SÃO GABRIEL DA CACHOEIRA - SÃO GABRIEL DA CACHOEIRA - AM - BRASIL",
    "SBUF": "PAULO AFONSO - PAULO AFONSO - BA - BRASIL",
    "SBUG": "RUBEM BERTA - URUGUAIANA - RS - BRASIL",
    "SBUL": "TEN CEL AVIADOR CÉSAR BOMBONATO - UBERLÂNDIA - MG - BRASIL",
    "SBUR": "MÁRIO DE ALMEIDA FRANCO - UBERABA - MG - BRASIL",
    "SBUY": "URUCU - COARI - AM - BRASIL",
    "SBVC": "GLAUBER DE ANDRADE ROCHA - VITÓRIA DA CONQUISTA - BA - BRASIL",
    "SBVG": "MAJOR BRIGADEIRO TROMPOWSKY - VARGINHA - MG - BRASIL",
    "SBVH": "BRIGADEIRO CAMARÃO - VILHENA - RO - BRASIL",
    "SBVT": "EURICO DE AGUIAR SALLES - VITÓRIA - ES - BRASIL",
    "SBZM": "REGIONAL DA ZONA DA MATA - GOIANÁ - MG - BRASIL",
    "SCCF": "EL LOA AIRPORT - CALAMA - CHILE",
    "SCCI": "CARLOS IBANEZ DEL CAMPO INTERNATIONAL AIRPORT - PUNTA ARENAS - CHILE",
    "SCDA": "DIEGO ARACENA INTERNATIONAL AIRPORT - IQUIQUE - CHILE",
    "SCEL": "COMODORO ARTURO MERINO BENÍTEZ INTERNATIONAL AIRPORT - SANTIAGO - CHILE",
    "SCFA": "CERRO MORENO INTERNATIONAL AIRPORT - ANTOFAGASTA - CHILE",
    "SCIE": "CARRIEL SUR INTERNATIONAL AIRPORT - CONCEPCIÓN - CHILE",
    "SCSE": "LA FLORIDA AIRPORT - LA SERENA - CHILE",
    "SDAG": "ANGRA DOS REIS - ANGRA DOS REIS - RJ - BRASIL",
    "SDCG": "SENADORA EUNICE MICHILES - SÃO PAULO DE OLIVENÇA - AM - BRASIL",
    "SDCO": "SOROCABA - SOROCABA - SP - BRASIL",
    "SDIY": "JOÃO DURVAL CARNEIRO - FEIRA DE SANTANA - BA - BRASIL",
    "SDJV": "MUNICIPAL DE SÃO JOÃO DA BOA VISTA - SÃO JOÃO DA BOA VISTA - SP - BRASIL",
    "SDLO": "FAZENDA PONTAL - CAIRU - BA - BRASIL",
    "SDOW": "OURILÂNDIA DO NORTE - OURILÂNDIA DO NORTE - PA - BRASIL",
    "SDSC": "MÁRIO PEREIRA LOPES - SÃO CARLOS - SP - BRASIL",
    "SDSV": "SANTA CÂNDIDA - GUARIBA - SP - BRASIL",
    "SDVZ": "KARELI - PARELHAS - RN - BRASIL",
    "SEGU": "JOSÉ JOAQUÍN DE OLMEDO INTERNATIONAL AIRPORT - GUAYAQUIL - EQUADOR",
    "SEMT": "ELOY ALFARO INTERNATIONAL AIRPORT - MANTA - EQUADOR",
    "SEQM": "MARISCAL SUCRE INTERNATIONAL AIRPORT - QUITO - EQUADOR",
    "SEQU": "QUITO  - QUITO - EQUADOR",
    "SGAS": "SILVIO PETTIROSSI INTERNATIONAL AIRPORT - ASUNCIÓN - PARAGUAI",
    "SGES": "GUARANÍ INTERNATIONAL AIRPORT - CIUDAD DEL ESTE - PARAGUAI",
    "SIFC": "COROA DO AVIÃO - IGARASSU - PE - BRASIL",
    "SIMK": "TENENTE LUND PRESETTO - FRANCA - SP - BRASIL",
    "SIRI": "BARRA GRANDE - MARAÚ - BA - BRASIL",
    "SIUA": "ÁGUAS CLARAS - VIAMÃO - RS - BRASIL",
    "SIXE": "AEROCLUBE DE ELDORADO DO SUL - ELDORADO DO SUL - RS - BRASIL",
    "SJPC": "FAZENDA PAREDÃO - COMODORO - MT - BRASIL",
    "SJZA": "PEDRO VIEIRA MOREIRA - CAJAZEIRAS - PB - BRASIL",
    "SKBO": "EL DORADO INTERNATIONAL AIRPORT - BOGOTÁ - COLÔMBIA",
    "SKBQ": "ERNESTO CORTISSOZ INTERNATIONAL AIRPORT - BARRANQUILLA - COLÔMBIA",
    "SKCG": "RAFAEL NÚÑEZ INTERNATIONAL AIRPORT - CARTAGENA - COLÔMBIA",
    "SKCL": "ALFONSO BONILLA ARAGÓN INTERNATIONAL AIRPORT - CALI - COLÔMBIA",
    "SKLT": "ALFREDO VÁSQUEZ COBO INTERNATIONAL AIRPORT - LETICIA - COLÔMBIA",
    "SKPV": "EL EMBRUJO AIRPORT - PROVIDENCIA ISLAND - COLÔMBIA",
    "SKRG": "JOSÉ MARÍA CÓRDOVA INTERNATIONAL AIRPORT - MEDELLÍN/RIONEGRO - COLÔMBIA",
    "SKVP": "ALFONSO LÓPEZ PUMAREJO AIRPORT - VALLEDUPAR - COLÔMBIA",
    "SLAL": "Aeroporto de Alcantari - SUCRE, BOLÍVIA -   - BOLÍVIA",
    "SLCB": "JORGE WILSTERMANN INTERNATIONAL AIRPORT - COCHABAMBA - BOLÍVIA",
    "SLLP": "EL ALTO INTERNATIONAL AIRPORT - LA PAZ - BOLÍVIA",
    "SLSU": "JUANA AZURDUY DE PADILLA INTERNATIONAL AIRPORT - SUCRE - BOLÍVIA",
    "SLTJ": "CAPITÁN ORIEL LEA PLAZA AIRPORT - TARIJA - BOLÍVIA",
    "SLVR": "VIRU VIRU INTERNATIONAL AIRPORT - SANTA CRUZ - BOLÍVIA",
    "SMJP": "JOHAN ADOLF PENGEL INTERNATIONAL AIRPORT (ZANDERIJ INT´L) - ZANDERIJ - SURINAME",
    "SN6L": "VIRGÍLIO TÁVORA - SOBRAL - CE - BRASIL",
    "SNAB": "ARARIPINA - ARARIPINA - PE - BRASIL",
    "SNBA": "CHAFEI AMSEI (SBBT*) - BARRETOS - SP - BRASIL",
    "SNBR": "BARREIRAS - BARREIRAS - BA - BRASIL",
    "SNCL": "LORENZO - CAIRU - BA - BRASIL",
    "SNCP": "AEROPORTO REGIONAL DO PLANALTO SERRANO - CORREIA PINTO - SC - BRASIL",
    "SNDV": "BRIGADEIRO CABRAL - DIVINÓPOLIS - MG - BRASIL",
    "SNEB": "AERODROMO DE PARAGOMINAS - PARAGOMINAS - PA - BRASIL",
    "SNGI": "GUANAMBI - GUANAMBI - BA - BRASIL",
    "SNGN": "GARANHUNS - GARANHUNS - PE - BRASIL",
    "SNHS": "SANTA MAGALHÃES - SERRA TALHADA - PE - BRASIL",
    "SNIG": "IGUATU - IGUATU - CE - BRASIL",
    "SNJM": "AEROPORTO ELIAS BREDER - MANHUAÇU - MG - BRASIL",
    "SNLN": "AERÓDROMO MUNICIPAL DE LINHARES - LINHARES - ES - BRASIL",
    "SNMA": "MONTE ALEGRE - MONTE ALEGRE - PA - BRASIL",
    "SNMX": "SÃO MATEUS - SÃO MATEUS - ES - BRASIL",
    "SNMZ": "PORTO DE MOZ - PORTO DE MOZ - PA - BRASIL",
    "SNOB": "VIRGÍLIO TÁVORA - SOBRAL - CE - BRASIL",
    "SNOX": "ORIXIMINÁ - ORIXIMINÁ - PA - BRASIL",
    "SNPD": "PATOS DE MINAS - PATOS DE MINAS - MG - BRASIL",
    "SNRJ": "BREJO - BREJO - PA - BRASIL",
    "SNRU": "OSCAR LARANJEIRAS - CARUARU - PE - BRASIL",
    "SNSM": "SALINÓPOLIS - SALINÓPOLIS - PA - BRASIL",
    "SNSS": "SALINAS - SALINAS - MG - BRASIL",
    "SNSV": "FAZENDA SÃO DOMINGOS - RIBAS DO RIO PARDO - MS - BRASIL",
    "SNTF": "TEIXEIRA DE FREITAS - TEIXEIRA DE FREITAS - BA - BRASIL",
    "SNTO": "JUSCELINO KUBITSCHECK - TEÓFILO OTONI - MG - BRASIL",
    "SNTS": "PEREGRINO FILHO - PATOS - PB - BRASIL",
    "SNVS": "BREVES - BREVES - PA - BRASIL",
    "SNWS": "DOUTOR LÚCIO LIMA - CRATEÚS - CE - BRASIL",
    "SNYA": "ALMEIRIM - ALMEIRIM - PA - BRASIL",
    "SNZR": "PARACATU - PARACATU - MG - BRASIL",
    "SOCA": "CAYENNE-ROCHAMBEAU AIRPORT - CAYENNE - GUIANA FRANCESA",
    "SPJC": "JORGE CHÁVEZ INTERNATIONAL AIRPORT - CALLAO/LIMA, LIMA METROPOLITAN AREA - PERU",
    "SPQT": "CORONEL FAP FRANCISCO SECADA VIGNETTA AIRPORT - IQUITOS, LORETO REGION - PERU",
    "SPSO": "CAPITÁN FAP RENÁN ELÍAS OLIVERA AIRPORT - PISCO, ICA REGION - PERU",
    "SSBN": "BELÉM NOVO - PORTO ALEGRE - RS - BRASIL",
    "SSCN": "CANELA - CANELA - RS - BRASIL",
    "SSGG": "Tancredo Thomas de Faria - GUARAPUAVA - PR - BRASIL",
    "SSGY": "GUAÍRA - GUAÍRA - PR - BRASIL",
    "SSKW": "CACOAL - CACOAL - RO - BRASIL",
    "SSLT": "GAUDÊNCIO MACHADO RAMOS - ALEGRETE - RS - BRASIL",
    "SSOU": "ARIPUANÃ - ARIPUANÃ - MT - BRASIL",
    "SSQO": "FAZENDA SEQUÓIA - SETUBINHA - MG - BRASIL",
    "SSRS": "BARREIRINHAS - BARREIRINHAS - MA - BRASIL",
    "SSSC": "SANTA CRUZ DO SUL - SANTA CRUZ DO SUL - RS - BRASIL",
    "SSUM": "ORLANDO DE CARVALHO - UMUARAMA - PR - BRASIL",
    "SSUV": "JOSÉ CLETO - UNIÃO DA VITÓRIA - PR - BRASIL",
    "SSVL": "TELÊMACO BORBA (SBTL*) - TELÊMACO BORBA - PR - BRASIL",
    "SSZR": "SANTA ROSA - SANTA ROSA - RS - BRASIL",
    "SULS": "C/C CARLOS A. CURBELO DE LAGUNA DEL SAUCE INTERNATIONAL AIRPORT - MALDONADO/PUNTA DEL ESTE, MALDONADO - URUGUAI",
    "SUMU": "CARRASCO GRAL. CESÁREO L. BERISSO INTERNATIONAL AIRPORT - MONTEVIDEO, MONTEVIDEO - URUGUAI",
    "SVMC": "LA CHINITA INTERNATIONAL AIRPORT - MARACAIBO, ZULIA - VENEZUELA",
    "SVMG": "DEL CARIBE INTERNATIONAL AIRPORT (GEN. SANTIAGO MARINO AIRPORT) - PORLAMAR, ISLA MARGARITA - VENEZUELA",
    "SVMI": "SIMÓN BOLÍVAR INTERNATIONAL AIRPORT (MAIQUETIA INTERNATIONAL AIRPORT) - MAIQUETÍA, VARGAS (NEAR CARACAS) - VENEZUELA",
    "SVMT": "MATURÍN AIRPORT - MATURÍN, MONAGAS - VENEZUELA",
    "SVPR": "MANUEL CARLOS PIAR GUAYANA AIRPORT - CIUDAD GUAYANA, BOLÍVAR - VENEZUELA",
    "SVVA": "ARTURO MICHELENA INTERNATIONAL AIRPORT - VALENCIA, CARABOBO - VENEZUELA",
    "SWBC": "BARCELOS - BARCELOS - AM - BRASIL",
    "SWBE": "WALFRIDO SAMITO DE ALMEIDA - SÃO BENEDITO - CE - BRASIL",
    "SWBR": "BORBA - BORBA - AM - BRASIL",
    "SWCA": "CARAUARI - CARAUARI - AM - BRASIL",
    "SWEI": "EIRUNEPÉ - EIRUNEPÉ - AM - BRASIL",
    "SWGN": "ARAGUAÍNA - ARAGUAÍNA - TO - BRASIL",
    "SWJN": "JUÍNA - JUÍNA - MT - BRASIL",
    "SWKO": "COARI - COARI - AM - BRASIL",
    "SWKQ": "SERRA DA CAPIVARA/SÃO RAIMUNDO NONATO - SÃO RAIMUNDO NONATO - PI - BRASIL",
    "SWLB": "LÁBREA - LÁBREA - AM - BRASIL",
    "SWLC": "GENERAL LEITE DE CASTRO - RIO VERDE - GO - BRASIL",
    "SWMW": "MAUÉS - MAUÉS - AM - BRASIL",
    "SWPI": "JÚLIO BÉLEM - PARINTINS - AM - BRASIL",
    "SWTP": "SANTA IZABEL DO RIO NEGRO - SANTA ISABEL DO RIO NEGRO - AM - BRASIL",
    "SWYN": "PRAINHA - APUÍ - AM - BRASIL",
    "SYCJ": "CHEDDI JAGAN INTERNATIONAL AIRPORT - GEORGETOWN - GUIANA",
    "SYEC": "EUGENE F. CORREIRA INTERNATIONAL - OGLE - GUIANA",
    "TBPB": "GRANTLEY ADAMS INTERNATIONAL AIRPORT - BRIDGETOWN - BARBADOS",
    "TFFF": "MARTINIQUE AIMÉ CÉSAIRE INTERNATIONAL AIRPORT - LE LAMENTIN, FORT-DE-FRANCE - MARTINICA",
    "TFFR": "POINTE-À-PITRE - LE RAIZET AIRPORT - GRANDE-TERRE - GUADALUPE",
    "TJBQ": "RAFAEL HERNÁNDEZ AIRPORT - AQUADILLA BORINQUEN - PORTO RICO",
    "TJSJ": "LUIS MUÑOZ MARÍN INTERNATIONAL AIRPORT - SAN JUAN - PORTO RICO",
    "TNCA": "QUEEN BEATRIX INTERNATIONAL AIRPORT - ORANJESTAD, ARUBA - ARUBA",
    "TNCC": "HATO INTERNATIONAL AIRPORT - WILLEMSTAD - CURAÇAO",
    "TTPP": "PIARCO INTERNATIONAL AIRPORT - PORT OF SPAIN, TRINIDAD - TRINIDAD E TOBAGO",
    "UBBB": "HEYDAR ALIYEV INTERNATIONAL AIRPORT - BAKU - AZERBAIJÃO",
    "VAAH": "SARDAR VALLABHBHAI PATEL INTERNATIONAL AIRPORT (AHMADABAD AIRPORT) - AHMEDABAD - ÍNDIA",
    "VABB": "CHATRAPATI SHIVAJI INTERNATIONAL AIRPORT - MUMBAI (BOMBAY) - ÍNDIA",
    "VCBI": "BANDARANAIKE INTERNATIONAL AIRPORT - COLOMBO - SRI LANKA",
    "VHHH": "HONG KONG INTERNATIONAL AIRPORT - CHEK LAP KOK - HONG KONG",
    "VMMC": "MACAU INTERNATIONAL AIRPORT - TAIPA - MACAU",
    "VTBS": "SUVARNABHUMI AIRPORT (NEW BANGKOK INTERNATIONAL AIRPORT) - SAMUT PRAKAN (NEAR BANGKOK) - TAILÂNDIA",
    "ZBAA": "BEIJING CAPITAL INTERNATIONAL AIRPORT - BEIJING - CHINA",
    "ZHCC": "ZHENGZHOU XINZHENG INTERNATIONAL AIRPORT - ZHENGZHOU, HENAN - CHINA",
    "ZHHH": "WUHAN TIANHE AIRPORT - WUHAN, HUBEI - CHINA"
}